stationId,building,x,y,assetId,assetType,type,size,manufacturer,lastInspection,nextDue,isoCategory,inspectionStickerID,status
ST-1-001,1,6724,4285,1-001-2,extinguisher,Powder,9.900kg,136 | TORNADO,10/1/2025,10/1/2026,2,233885,good
ST-1-001,1,6724,4285,1-001-1,extinguisher,CO2,7.700kg,137 | 9963,10/1/2025,10/1/2026,5,233886,good
ST-1-002,1,6235,4424,1-002-3,extinguisher,CO2,6.800kg,131 | 10871,10/1/2025,10/1/2026,5,233880,good
ST-1-002,1,6235,4424,1-002-2,extinguisher,Powder,9.100kg,132 | TORNADO,10/1/2025,10/1/2026,2,233881,good
ST-1-002,1,6235,4424,1-002-1,extinguisher,CO2,6.950kg,133 | 10116,10/1/2025,10/1/2026,5,233882,good
ST-1-004,1,6645,4177,1-004,extinguisher,CO2,16.000kg,138 | 5284,10/1/2025,10/1/2026,5,233887,good
ST-1-005,1,6837,4139,1-005-2,extinguisher,Water,13.3,134 | 002,1/10/2025,1/10/2026,1,233883,good
ST-1-005,1,6837,4139,1-005-1,extinguisher,Powder,9.1,135 | TORNADO,1/10/2025,1/10/2026,2,233884,good
ST-1-005,1,6837,4139,1-M07,hose,Water,30 m,-,9/30/2024,9/30/2025,1,STK-HOSE-002,good
ST-1-006,1,6927,4246,1-006-1,extinguisher,CO2,14,100 | 8835,1/9/2025,1/9/2026,5,233809,good
ST-1-007,1,7223,4156,1-007-2,extinguisher,Powder,9.45,87 | 03225,1/9/2025,1/9/2026,2,233796,good
ST-1-007,1,7223,4156,1-007-1,extinguisher,Water,13.45,88 | 01203,1/9/2025,1/9/2026,1,233797,good
ST-1-007,1,7223,4156,1-M02,hose,Water,30 m,,9/30/2024,9/30/2025,1,,good
ST-1-008,1,7077,3304,1-008-2,extinguisher,Water,14.3,91 | 00559,1/9/2025,1/9/2026,1,233800,good
ST-1-008,1,7077,3304,1-008-1,extinguisher,Powder,9.4,92 | 01479,1/9/2025,1/9/2026,2,233801,good
ST-1-008,1,7077,3304,1-M05,hose,Water,30 m,,9/30/2024,8/22/2025,1,,good
ST-1-009,1,7354,3134,1-009-1,extinguisher,Water,13.75,89 | 00287,1/9/2025,1/9/2026,1,233798,good
ST-1-009,1,7354,3134,1-009-2,extinguisher,Powder,9.45,90 | 03234,1/9/2025,1/9/2026,2,233799,good
ST-1-009,1,7354,3134,1-M03,hose,Water,30 m,,9/30/2024,9/30/2025,1,-,good
ST-1-009,1,7354,3134,1-M04,hose,Water,30 m,,9/30/2024,9/30/2025,1,,good
ST-1-010,1,7042,3019,1-010-1,extinguisher,Powder,9.4,94 | 00627,1/9/2025,1/9/2026,2,233803,good
ST-1-010,1,7042,3019,1-010-2,extinguisher,Water,13.45,95 | 002,1/9/2025,1/9/2026,1,233804,good
ST-1-010,1,7042,3019,1-M05,hose,Water,30 m,,9/30/2024,9/30/2025,1,,good
ST-1-011,1,6435,2951,1-011-2,extinguisher,Powder,9.3,177 | TORNADO,1/13/2025,1/13/2026,2,233948,good
ST-1-011,1,6435,2951,1-011-1,extinguisher,CO2,14.4,178 | 7171,1/13/2025,1/13/2026,5,233949,good
ST-1-011,1,6435,2951,1-M26,hose,Water,30 m,,9/30/2024,9/30/2025,1,,good
ST-1-012,1,5887,2951,1-012-2,extinguisher,Powder,16.8,179 | TORNADO,1/13/2025,1/13/2026,2,233950,good
ST-1-012,1,5887,2951,1-012-1,extinguisher,CO2,14.35,180 | TORNADO,1/13/2025,1/13/2026,5,233951,good
ST-1-013,1,6124,3114,1-013,extinguisher,CO2,6.9,202 | 151063,1/13/2025,1/13/2026,5,233973,good
ST-1-014,1,6195,3114,1-014,extinguisher,CO2,7.9,204 | 003352,1/13/2025,1/13/2026,5,233975,good
ST-1-015,1,6284,3095,1-015,extinguisher,CO2,6.85,205 | 027952,1/13/2025,1/13/2026,5,233976,good
ST-1-019,1,6392,3304,1-019,extinguisher,CO2,6.55,207 | 47272,1/13/2025,1/13/2026,5,233978,good
ST-1-020,1,6306,3309,1-020,extinguisher,CO2,8.3,206 | 004341,1/13/2025,1/13/2026,5,233977,good
ST-1-021,1,6215,3309,1-021,extinguisher,CO2,7,203 | 10439,1/13/2025,1/13/2026,5,233974,good
ST-1-022,1,6133,3309,1-022,extinguisher,CO2,6.2,185 | 05193,1/13/2025,1/13/2026,5,233956,good
ST-1-024,1,5815,3429,1-024-2,extinguisher,Powder,9.4,156 | SOLTI,1/10/2025,1/10/2026,2,233905,good
ST-1-024,1,5815,3429,1-024-1,extinguisher,CO2,14,157 | 6916,1/10/2025,1/10/2026,5,233906,good
ST-1-024,1,5815,3429,1-M20,hose,Water,30 m,-,9/30/2023,9/30/2024,1,,
ST-1-027,1,6349,3546,1-027,extinguisher,CO2,6.5,160 | 9161,1/10/2025,1/10/2026,5,233909,good
ST-1-030,1,6424,3536,1-030,extinguisher,CO2,7.55,161 | 150383,1/10/2025,1/10/2026,5,233910,good
ST-1-031,1,6511,3417,1-031-1,extinguisher,Powder,9.1,170 | TORNADO,1/10/2025,1/10/2026,2,233919,good
ST-1-031,1,6511,3417,1-031-2,extinguisher,Powder,9.3,173 | TORNADO,1/13/2025,1/13/2026,2,233944,good
ST-1-031,1,6511,3417,1-M21,hose,Water,30 m,,9/30/2024,9/30/2025,1,,good
ST-1-032,1,6483,3544,1-032,extinguisher,CO2,7.8,162 | 0036,1/10/2025,1/10/2026,5,233911,good
ST-1-033,1,6595,3391,1-033-1,extinguisher,CO2,,,4/17/2025,4/17/2026,5,238371,good
ST-1-033,1,6595,3391,1-033-2,extinguisher,Water,,,4/17/2025,4/17/2026,1,238373,good
ST-1-033,1,6595,3391,1-B1,extinguisher,Fire blanket heavy 1.5x1.5m,,,1/1/2025,1/1/2100,,,good
ST-1-034,1,6565,3555,1-034,extinguisher,CO2,13.9,174 | 6792,1/13/2025,1/13/2026,5,233945,good
ST-1-035,1,6677,3570,1-035-2,extinguisher,Powder,9.35,98 | 00298,1/9/2025,1/9/2026,2,233807,good
ST-1-035,1,6636,3572,1-035-1,extinguisher,Water,13,99 | 002,1/9/2025,1/9/2026,1,233808,good
ST-1-035,1,6636,3572,1-M06,hose,Water,30 m,,1/1/2025,1/1/2100,1,,good
ST-1-036,1,6506,3710,1-036,extinguisher,CO2,6.8,166 | 067910,1/10/2025,1/10/2026,5,233915,good
ST-1-037,1,6457,3710,1-037,extinguisher,CO2,6.5,165 | 068089,1/10/2025,1/10/2026,5,233914,good
ST-1-038,1,6398,3698,1-038,extinguisher,CO2,6.8,164 | 10672,1/10/2025,1/10/2026,5,233913,good
ST-1-039,1,6342,3702,1-039,extinguisher,CO2,6.8,163 | 065890,1/10/2025,1/10/2026,5,233912,good
ST-1-040,1,5862,3605,1-040-2,extinguisher,CO2,6.8,159 | TORNADO,1/10/2025,1/10/2026,5,233907,good
ST-1-040,1,5862,3605,1-040-1,extinguisher,Water,13.25,158 | 002,1/10/2025,1/10/2026,1,233908,good
ST-1-041,1,5291,3555,1-041-2,extinguisher,Water,13.2,153 | 00573,1/10/2025,1/10/2026,1,233902,good
ST-1-041,1,5291,3555,1-041-3,extinguisher,Water,14,154 | 00563,1/10/2025,1/10/2026,1,233903,good
ST-1-041,1,5291,3555,1-041-1,extinguisher,Water,13.3,155 | 13450,1/10/2025,1/10/2026,1,233904,good
ST-1-042,1,5445,3788,1-042-1,extinguisher,Powder,9.3,151 | SOLTI,1/10/2025,1/10/2026,2,233900,good
ST-1-042,1,5445,3788,1-042-2,extinguisher,CO2,13.8,152 | 009095,1/10/2025,1/10/2026,5,233901,good
ST-1-042,1,5445,3788,1-M17,hose,Water,30 m,,1/1/2021,1/1/2100,1,,good
ST-1-043,1,5291,3840,1-043-1,extinguisher,Water,14,149 | 002,1/10/2025,1/10/2026,1,233898,good
ST-1-043,1,5291,3840,1-043-2,extinguisher,Powder,9.1,150 | TORNADO,1/10/2025,1/10/2026,2,233899,good
ST-1-043,1,5291,3840,1-M15,hose,Water,30 m,,1/1/2021,1/1/2100,1,,good
ST-1-043,1,5291,3840,1-M16,hose,Water,30 m,MOBIAK MBK14-SJR-10B 30 M 19mm,1/1/2021,1/1/2100,1,,good
ST-1-044,1,6003,3825,1-044-1,extinguisher,CO2,14.1,145 | 1162,1/10/2025,1/10/2026,5,233894,good
ST-1-044,1,6003,3825,1-M11,hose,Water,30 m,,9/30/2024,9/30/2025,1,,good
ST-1-045,1,6507,3827,1-045-1,extinguisher,CO2,13.4,141 | TORNADO,1/10/2025,1/10/2026,5,233890,good
ST-1-045,1,6507,3827,1-045-2,extinguisher,Powder,9.1,142 | TORNADO,1/10/2025,1/10/2026,2,233891,good
ST-1-045,1,6507,3827,1-M08,hose,Water,30 m,,9/30/2024,9/30/2025,,,good
ST-1-046,1,6176,4144,1-046-1,extinguisher,Powder,9.1,143 | TORNADO,1/10/2025,1/10/2026,2,233892,good
ST-1-046,1,6176,4144,1-046-2,extinguisher,CO2,6.5,144 | 10477,1/10/2025,1/10/2026,5,233893,good
ST-1-046,1,6176,4144,1-M09,hose,Water,30 m,,9/30/2024,9/30/2025,1,,good
ST-1-046,1,6176,4144,1-M10,hose,Water,30 m,,9/30/2024,9/30/2025,1,,good
ST-1-047,1,5585,4140,1-047-2,extinguisher,Powder,9.1,146 | Tornado,1/10/2025,1/10/2026,2,233895,good
ST-1-047,1,5585,4140,1-047-1,extinguisher,CO2,6.3,147 | 10640,1/10/2025,1/10/2026,5,233896,good
ST-1-047,1,5585,4140,1-M13,hose,Water,30 m,,9/30/2024,9/30/2025,1,,good
ST-1-048,1,5291,4155,1-048-1,extinguisher,,,,1/1/2020,1/1/2021,?,219159,good
ST-1-048,1,5291,4155,1-048-2,extinguisher,,,,1/1/2020,1/1/2021,?,STK-NOT-ASSIGNED,good
ST-1-048,1,5291,4155,1-M14,hose,Water,30 m,,9/30/2024,9/30/2025,1,,good
ST-1-049,1,4971,4157,1-049-2,extinguisher,Powder,9.3,199 | 070759 ,1/13/2025,1/13/2026,2,233970,good
ST-1-049,1,4971,4157,1-049-1,extinguisher,Water,13.4,200 | 002,1/13/2025,1/13/2026,1,233971,good
ST-1-049,1,4971,4157,1-M22,hose,Water,30 m,,9/30/2024,9/30/2025,1,,good
ST-1-050,1,4749,3270,1-050-2,extinguisher,Powder,9.25,197 | 072201,1/13/2025,1/13/2026,2,233968,good
ST-1-050,1,4749,3270,1-050-1,extinguisher,Water,13.25,198 | 02391,1/13/2025,1/13/2026,1,233969,good
ST-1-050,1,4749,3270,1-M23,hose,Water,30 m,,9/30/2024,9/30/2025,1,,good
ST-1-051,1,5442,2953,1-051-2,extinguisher,Water,13.25,195 | 763,1/13/2025,1/13/2026,1,233966,good
ST-1-051,1,5442,2953,1-051-1,extinguisher,Powder,9.3,196 | 01516,1/13/2025,1/13/2026,2,233967,good
ST-1-051,1,5442,2953,1-M24,hose,Water,30 m,,9/30/2024,9/30/2025,1,,good
ST-1-053,1,5828,3119,1-053-3,extinguisher,Powder,9.2,186 | SOLTI,1/13/2025,1/13/2026,2,233957,good
ST-1-053,1,5828,3119,1-053-2,extinguisher,Water,13.7,187 | 002,1/13/2025,1/13/2026,1,233958,good
ST-1-053,1,5828,3119,1-053-1,extinguisher,CO2,18.5,188 | 002061,1/13/2025,1/13/2026,5,233959,good
ST-1-053,1,5828,3119,1-M25,hose,Water,30 m,,9/30/2023,9/30/2024,1,,good
ST-1-054,1,6632,3089,1-054-2,extinguisher,Water,14,139 | 002,1/10/2025,1/10/2026,1,233888,good
ST-1-054,1,6606,3089,1-054-1,extinguisher,Powder,9.1,140 | TORNADO,1/10/2025,1/10/2026,2,233889,good
ST-1-056,1,5997,4823,1-056,extinguisher,Powder,9.35,270 | 16865,1/14/2025,1/14/2026,2,234131,good
ST-1-057,1,5330,4268,5-057-1,extinguisher,Powder,17500,84 | 00649,1/9/2025,1/9/2026,2,233793,good
ST-1-057,1,5330,4268,5-057-2,extinguisher,Powder,17550,85 | 02320,1/9/2025,1/9/2026,2,233794,good
ST-1-057,1,5330,4268,5-057-3,extinguisher,CO2,14400,86 | TORNADO,1/9/2025,1/9/2026,5,233795,good
ST-1-060,1,6893,4425,1-060-3,extinguisher,CO2,14.4,81 | TORNADO ,1/9/2025,1/9/2026,5,233790,good
ST-1-060,1,6893,4434,1-060-2,extinguisher,Powder,16.7,82 | TORNADO,1/9/2025,1/9/2026,2,233791,good
ST-1-060,1,6893,4451,1-060-1,extinguisher,Powder,16.7,83 | TORNADO,1/9/2025,1/9/2026,2,233792,good
ST-1-M1,1,7159,4181,1-M01,hose,Water,30 m,,9/30/2024,9/30/2025,,-,good
ST-1-M12,1,5820,3818,1-M12,hose,Water,30 m,MOBIAK MBK14-SJR-10B 30 M 19mm,1/1/2021,1/1/2100,1,,good
ST-1-M18,1,5283,3706,1-M18,hose,Water,30 m,MOBIAK MBK14-SJR-10B 30 M 19mm,1/1/2021,1/1/2100,1,,good
ST-1-M19,1,5458,3417,1-M19,hose,Water,30 m,MOBIAK MBK14-SJR-10B 30 M 19mm,1/1/2021,1/1/2100,1,,good
ST-1-M27,1,6552,2946,1-M27,hose,Water,30 m,MOBIAK MBK14-SJR-10B 30 M 19mm,1/1/2020,1/1/2100,1,N/A,good
ST-1-M6,1,6612,3078,1-M06,hose,Water,30 m,,9/30/2024,9/30/2025,1,,good
ST-2-001,2,7331,2093,2-001-1,extinguisher,,9.3,101 | 26961,1/10/2025,1/10/2026,2,233846,
ST-2-001,2,7331,2093,2-001-1,extinguisher,Water,13.3,102 | TORNADO,1/10/2025,1/10/2026,1,233847,good
ST-2-001,2,7331,2093,2-M1,hose,Water,30 m,,9/30/2024,9/30/2025,,-,
ST-2-002,2,6891,2404,2-002-1,extinguisher,Powder,9.2,103 | 00217,1/10/2025,1/10/2026,2,233848,good
ST-2-002,2,6891,2404,2-002-2,extinguisher,Water,13.8,104 | 04055,1/10/2025,1/10/2026,1,233849,good
ST-2-002,2,6891,2404,2-M2,hose,Water,30 m,,9/30/2024,9/30/2025,1,-,good
ST-2-003,2,6860,2411,2-003-1,extinguisher,Powder,9.25,105 | 0041,1/10/2025,1/10/2026,2,233850,good
ST-2-003,2,6860,2411,2-003-2,extinguisher,Water,13.8,106 | 002003,1/10/2025,1/10/2026,1,233851,good
ST-2-003,2,6860,2411,2-M3,hose,Water,30 m,,9/30/2024,9/30/2025,1,-,good
ST-2-004,2,6746,2603,2-004-1,extinguisher,Powder,9.35,107 | 0041 ,1/10/2025,1/10/2026,2,233852,good
ST-2-004,2,6746,2603,2-004-2,extinguisher,Water,13.8,108 | 00481,1/10/2025,1/10/2026,1,233853,good
ST-2-004,2,6746,2603,2-M4,hose,Water,30 m,,9/30/2024,9/30/2025,1,-,good
ST-2-005,2,6278,2406,2-005-1,extinguisher,Water,14,109 | 00478,1/10/2025,1/10/2026,1,233854,good
ST-2-005,2,6278,2406,2-M5,hose,Water,30 m,,9/30/2024,9/30/2025,1,-,good
ST-2-006,2,6256,2411,2-006-1,extinguisher,Powder,13.4,HO | TORNADO,1/10/2025,1/10/2026,5,233855,good
ST-2-006,2,6256,2411,2-006-2,extinguisher,Powder,9.4,111 | 0041,1/10/2025,1/10/2026,2,233856,good
ST-2-006,2,6256,2411,2-M6,hose,Water,30 m,,9/30/2024,9/30/2025,1,-,good
ST-2-007,2,6060,2599,2-007-1,extinguisher,Powder,9.2,112 | 0041,1/10/2025,1/10/2026,2,233857,good
ST-2-007,2,6060,2599,2-007-2,extinguisher,CO2,13.85,113 | 01516,1/10/2025,1/10/2026,5,233858,good
ST-2-007,2,6060,2599,2-M7,hose,Water,30 m,,9/30/2024,9/30/2025,1,-,good
ST-2-008,2,5572,2290,2-008-2,extinguisher,Powder,9.3,114 | 0041,1/10/2025,1/10/2026,2,233859,good
ST-2-008,2,5572,2290,2-008-1,extinguisher,CO2,13.9,115 | 4137,1/10/2025,1/10/2026,5,233860,good
ST-2-008,2,5572,2290,2-M8,hose,Water,30 m,,9/30/2024,9/30/2025,1,-,good
ST-2-009,2,5585,2542,2-009,extinguisher,CO2,6.8,122 | 051073,1/10/2025,1/10/2026,5,233871,good
ST-2-010,2,5610,2557,2-010,extinguisher,CO2,13.3,121 | TORNADO,1/10/2025,1/10/2026,5,233870,good
ST-2-011,2,5552,2277,2-011-1,extinguisher,,,,,,,No acces,good
ST-2-011,2,5552,2277,2-011-2,extinguisher,,,,,,,No Access,good
ST-2-011,2,5552,2277,2-M11,hose,Water,30 m,,,,1,No Access,good
ST-2-012,2,4969,2374,2-012-2,extinguisher,Water,13.5,119 | 00124,1/10/2025,1/10/2026,1,233864,good
ST-2-012,2,4969,2374,2-012-1,extinguisher,Powder,9.35,120 | 0041,1/10/2025,1/10/2026,2,233865,good
ST-2-012,2,4969,2374,2-M12,hose,Water,30 m,,9/30/2024,9/30/2025,,-,good
ST-2-013,2,5213,2603,2-013-1,extinguisher,,,,,,,No Access,good
ST-2-013,2,5213,2603,2-013-2,extinguisher,,,,,,,No Access,good
ST-2-013,2,5213,2603,2-M13,hose,Water,30 m,,,,1,No Access,good
ST-3-001,3,4289,2780,3-001-1,extinguisher,Water,13.2,213 | 171985,1/13/2025,1/13/2026,1,233984,good
ST-3-001,3,4289,2780,3-001-2,extinguisher,Powder,9.3,214 | 059872,1/13/2025,1/13/2026,2,233985,good
ST-3-002,3,3793,2051,3-002-1,extinguisher,Water,13.55,218 | 002,1/13/2025,1/13/2026,1,233989,good
ST-3-002,3,3793,2051,3-002-2,extinguisher,Powder,9.25,219 | 02186,1/13/2025,1/13/2026,,233990,good
ST-3-002,3,3793,2051,3-M2,hose,Water,30 m,,9/30/2024,9/30/2025,,-,good
ST-3-003,3,3908,2632,3-003-2,extinguisher,Powder,"9,400",215 | 18321,1/13/2025,1/13/2026,2,233986,good
ST-3-003,3,3908,2632,3-003-1,extinguisher,Water,13.25,216 | 416623,1/13/2025,1/13/2026,1,233987,good
ST-3-003,3,3908,2632,3-M3,hose,Water,30 m,,9/30/2023,9/30/2024,1,-,good
ST-3-004,3,3738,2657,3-004-2,extinguisher,Water,"13,400",240 | 002667,1/14/2025,1/14/2026,1,234101,good
ST-3-004,3,3738,2657,3-004-1,extinguisher,Powder,9.5,241 | 059771,1/14/2025,1/14/2026,2,234102,good
ST-3-005,3,3574,2657,3-005,extinguisher,CO2,"18,000",246 | 013125,1/14/2025,1/14/2026,5,234107,good
ST-3-006,3,3462,2657,3-006,extinguisher,CO2,"17,900",247 | 172006,1/14/2025,1/14/2026,5,234108,good
ST-3-007,3,3913,2778,3-007-2,extinguisher,Water,"13,200",262 | 02298,1/14/2025,1/14/2026,1,234123,good
ST-3-007,3,3913,2778,3-007-1,extinguisher,,,broken hose,,,,,Not good
ST-3-008,3,3319,3000,3-008-1,extinguisher,Water,"13,600",255 | 00672,1/14/2025,1/14/2026,1,234116,good
ST-3-008,3,3319,3000,3-008-2,extinguisher,Powder,"9,250",256 | 16845,1/14/2025,1/14/2026,2,234117,good
ST-3-009,3,3319,3020,3-009-1,extinguisher,Powder,30 m,257 | 060450,1/14/2025,1/14/2026,2,234118,good
ST-3-009,3,3319,3020,3-009-1,extinguisher,CO2,"17,700",258 | 012821,1/14/2025,1/14/2026,5,234119,good
ST-3-010,3,3326,3056,3-010-1,extinguisher,Powder,"9,400",259 | 059908,1/14/2025,1/14/2026,2,234120,good
ST-3-010,3,3326,3056,3-010-2,extinguisher,Water,"13,400",260 | 002,1/14/2025,1/14/2026,1,234121,good
ST-3-011,3,3559,2873,3-011-2,extinguisher,Powder,"9,400",243 | 061172,1/14/2025,1/14/2026,2,234104,good
ST-3-011,3,3559,2873,3-011-1,extinguisher,CO2,"18,000",245 | 013860,1/14/2025,1/14/2026,5,234106,good
ST-3-012,3,3579,2873,3-012-2,extinguisher,Water,"13,600",242 | 002,1/14/2025,1/14/2026,1,234103,good
ST-3-012,3,3579,2873,3-012-1,extinguisher,CO2,"6,500",244 | 0860,1/14/2025,1/14/2026,5,234105,good
ST-3-013,3,3792,2937,3-013,extinguisher,CO2,"7,100",239 | 18645,1/14/2025,1/14/2026,5,234100,good
ST-3-014,3,3760,3331,3-014-4,extinguisher,Water,"13,300",229 | 002,1/14/2025,1/14/2026,1,234090,good
ST-3-014,3,3760,3331,3-014-3,extinguisher,Water,"13,300",230 | 05763,1/14/2025,1/14/2026,1,234091,good
ST-3-014,3,3760,3331,3-014-2,extinguisher,Powder,"46,900",231 | ??????,1/14/2025,1/14/2026,2,234092,good
ST-3-014,3,3760,3331,3-014-1,extinguisher,,,,,,,No stk,
ST-3-015,3,3887,3337,3-015-1,extinguisher,Powder,"9,350",233 | 059760,1/14/2025,1/14/2026,2,234094,good
ST-3-015,3,3887,3337,3-015-2,extinguisher,Water,"13,200",234 | 00313,1/14/2025,1/14/2026,1,234095,good
ST-3-016,3,3915,3272,3-016-2,extinguisher,Powder,"9,250",235 | 061360,1/14/2025,1/14/2026,2,234096,good
ST-3-016,3,3915,3272,3-016-1,extinguisher,Water,"13,000",238 | 172011,1/14/2025,1/14/2026,1,234099,good
ST-3-016,3,3915,3272,3-M16-1,hose,Water,30 m,,9/30/2024,9/30/2025,,-,good
ST-3-016,3,3915,3272,3-M16-2,hose,Water,30 m,MOBIAK MBK14-SJR-10B 30 M 19mm,1/1/2020,1/1/2100,,-,good
ST-3-017,3,3438,3318,3-017,extinguisher,CO2,"6,800",261 | TORNADO,1/14/2025,1/14/2026,2,234122,good
ST-3-018,3,3574,3354,3-018-2,extinguisher,Water,"13,400",227 | 002,1/14/2025,1/14/2026,1,234088,good
ST-3-018,3,3574,3354,3-018-1,extinguisher,Powder,"9,350",228 | 02517,1/14/2025,1/14/2026,2,234089,good
ST-3-019,3,3321,3849,3-019-1,extinguisher,CO2,"14,600",223 | 013125,1/14/2025,1/13/2026,5,234084,good
ST-3-019,3,3321,3849,3-019-2,extinguisher,Powder,"9,350",224 | 02046,1/14/2025,1/14/2026,2,234085,good
ST-3-020,3,3473,4017,3-020-1,extinguisher,Powder,"9,500",225 | 061442,1/14/2025,1/14/2026,2,234086,good
ST-3-020,3,3473,4017,3-020-2,extinguisher,CO2,"14,550",226 | 013078,1/14/2025,1/14/2026,5,234087,good
ST-3-021,3,3911,3669,3-021-1,extinguisher,Powder,"47,800",220 | MOBIAK,1/13/2025,1/13/2026,2,233991,good
ST-3-021,3,3911,3669,3-021-2,extinguisher,Powder,"9,400",221 | 02821,1/14/2025,1/13/2026,2,234082,good
ST-3-021,3,3911,3669,3-021-3,extinguisher,Water,"13,100",222 | 47272,1/14/2025,1/13/2026,1,234083,good
ST-3-022,3,3900,3907,3-M22-1,hose,Water,30 m,MOBIAK MBK14-SJR-10B 30 M 19mm,1/1/2020,1/1/2100,,,good
ST-3-022,3,3900,3907,3-M22-2,hose,Water,30 m,,,,,,good
ST-3-023,3,3943,3918,3-023-1,extinguisher,CO2,"18,000",210 | 012536,1/13/2025,1/13/2026,5,233981,good
ST-3-023,3,3943,3918,3-023-2,extinguisher,Water,"13,450",211 | 002,1/13/2025,1/13/2026,1,233982,good
ST-3-023,3,3943,3918,3-M23,hose,Water,30 m,,9/30/2024,9/30/2025,,-,good
ST-3-E1,3,3842,2938,E1,extinguisher,Water,68.8,237 | FiWaRec BIOVERSAL QF-R,1/14/2025,1/14/2026,1,234098,good
ST-3-E2,3,3436,2881,E2,extinguisher,Water,"61,900",249 | FiWaRec BIOVERSAL QF-R,1/14/2025,1/14/2026,1,234110,good
ST-3-E3,3,3332,2909,E3,extinguisher,Water,"61,800",250 | FiWaRec BIOVERSAL QF-R,1/14/2025,1/14/2026,1,234111,good
ST-3-E4,3,3578,3063,E4,extinguisher,Water,"61,800",251 | FiWaRec BIOVERSAL QF-R,1/14/2025,1/14/2026,1,234112,good
ST-3-E5,3,3568,3261,E5,extinguisher,CO2,"18,600",253 | 020580,1/14/2025,1/14/2026,5,234114,good
ST-3-E6,3,3561,3238,E6,extinguisher,CO2,"18,200",254 | 021225,1/14/2025,1/14/2026,5,234115,good
ST-3-E7,3,3550,3195,E7,extinguisher,CO2,"14,000",252 | TORNADO,1/14/2025,1/14/2026,5,234113,good
ST-3-M1,3,4347,2942,3-M1,hose,Water,30 m,,9/30/2024,9/30/2025,1,-,good
ST-3-M201,3,3777,2026,3-M201,hose,Water,30 m,,9/30/2023,9/30/2024,,-,good
ST-3-M6,3,3391,2653,3-M6,hose,Water,30 m,MOBIAK MBK14-SJR-10B 30 M 19mm,1/1/2020,1/1/2100,1,,good
ST-3M7,3,3913,2873,3-M7,hose,Water,30 m,MOBIAK MBK14-SJR-10B 30 M 19mm,1/1/2020,1/1/2100,,,
ST-4-001,4,2674,2385,4-001-1,extinguisher,Water,14200,30 | 006635,1/8/2025,1/8/2026,1,233621,good
ST-4-001,4,2674,2385,4-001-3,extinguisher,Powder,9250,31 | 51218,1/8/2025,1/8/2026,2,233622,good
ST-4-001,4,2674,2385,4-001-2,extinguisher,CO2,13900,32 | 69257,1/8/2025,1/8/2026,5,233623,good
ST-4-002,4,2652,2396,4-002-1,extinguisher,Powder,9250,33 | 47283,1/8/2025,1/8/2026,2,233624,good
ST-4-002,4,2652,2396,4-002-2,extinguisher,Water,13600,34 | 006707,1/8/2025,1/8/2026,1,233625,good
ST-4-002,4,2652,2396,4-002-3,extinguisher,CO2,14000,35 | 69722,1/8/2025,1/8/2026,5,233626,good
ST-4-002,4,2652,2396,4-M2,hose,Water,30 m,,1/30/2025,1/30/2026,1,-,good
ST-4-003,4,2647,2832,4-003-1,extinguisher,Water,14000,36 | 006529,1/8/2025,1/8/2026,1,233627,good
ST-4-003,4,2647,2832,4-003-2,extinguisher,Powder,9250,37 | TORNADO,1/8/2025,1/8/2026,2,233628,good
ST-4-003,4,2647,2832,4-003-3,extinguisher,CO2,14000,38 | 69221,1/8/2025,1/8/2026,5,233629,good
ST-4-003,4,2647,2832,4-M3,hose,Water,30 m,,1/30/2025,1/30/2026,1,-,good
ST-4-004,4,2653,3305,4-004-1,extinguisher,Powder,9400,39 | 49204,1/8/2025,1/8/2026,2,233630,good
ST-4-004,4,2653,3305,4-004-2,extinguisher,Water,13400,40 | 006539,1/8/2025,1/8/2026,1,233631,good
ST-4-004,4,2653,3305,4-004-3,extinguisher,CO2,13400,41 | 69698,1/8/2025,1/8/2026,5,233632,good
ST-4-004,4,2653,3305,4-M4,hose,Water,30 m,,1/30/2025,1/30/2026,1,-,good
ST-4-005,4,2194,3080,4-005-3,extinguisher,CO2,14000,56 | 70057,1/9/2025,1/9/2026,5,233765,good
ST-4-005,4,2194,3080,4-005-2,extinguisher,Water,13500,57 | 006742,1/9/2025,1/9/2026,1,233766,good
ST-4-005,4,2194,3080,4-005-1,extinguisher,Powder,9300,58 | 49560,1/9/2025,1/9/2026,2,233767,good
ST-4-005,4,2194,3080,4-M5,hose,Water,30 m,,1/30/2025,1/30/2026,1,-,good
ST-4-006,4,2202,2555,4-006-2,extinguisher,Water,14200,59 | TORNADO,1/9/2025,1/9/2026,1,233768,good
ST-4-006,4,2202,2555,4-006-1,extinguisher,Powder,9300,60 | 50648,1/9/2025,1/9/2026,2,233769,good
ST-4-006,4,2202,2555,4-M6,hose,Water,30 m,,1/30/2025,1/30/2026,1,-,good
ST-4-007,4,2004,2151,4-007-1,extinguisher,Powder,9250,70 | 48448,1/9/2025,1/9/2026,2,233779,good
ST-4-007,4,2004,2151,4-007-2,extinguisher,Water,13000,71 | 006712,1/9/2025,1/9/2026,1,233780,good
ST-4-007,4,2004,2151,4-M7,hose,Water,30 m,,1/30/2025,1/30/2026,1,-,good
ST-4-008,4,2147,2523,4-008-2,extinguisher,Powder,9350,72 | 51908,1/9/2025,1/9/2026,2,233781,good
ST-4-008,4,2147,2523,4-008-1,extinguisher,Water,13400,73 | 043714,1/9/2025,1/9/2026,1,233782,good
ST-4-008,4,2147,2523,4-M8,hose,Water,30 m,,1/30/2025,1/30/2026,1,-,good
ST-4-009,4,1704,2344,4-009-2,extinguisher,Water,14000,68 | 000587,1/9/2025,1/9/2026,1,233777,good
ST-4-009,4,1704,2344,4-009-1,extinguisher,Powder,9250,69 | 53458,1/9/2025,1/9/2026,2,233778,good
ST-4-009,4,1704,2344,4-M9,hose,Water,30 m,,1/30/2025,1/30/2026,1,-,good
ST-4-010,4,1706,3371,4-010-2,extinguisher,Water,13300,66 | 005720,1/9/2025,1/9/2026,1,233775,good
ST-4-010,4,1706,3371,4-010-1,extinguisher,Powder,9200,67 | 49568,1/9/2025,1/9/2026,2,233776,good
ST-4-010,4,1706,3371,4-M10,hose,Water,30 m,,1/30/2025,1/30/2026,1,-,good
ST-4-011,4,2169,3289,4-011-2,extinguisher,,,,1/26/2024,1/26/2025,,213935,good
ST-4-011,4,2169,3289,4-011-1,extinguisher,,,,1/26/2024,1/26/2025,,214440,good
ST-4-012,4,2153,3056,4-012-2,extinguisher,Water,13100,64 | 006682,1/9/2025,1/9/2026,1,233773,good
ST-4-012,4,2153,3056,4-012-1,extinguisher,Powder,9400,65 | 48479,1/9/2025,1/9/2026,2,233774,good
ST-4-012,4,2153,3056,4-M12,hose,Water,30 m,,1/30/2025,1/30/2026,1,-,good
ST-4-013,4,2171,2825,4-013,extinguisher,Powder,9400,62 | 49902,1/9/2025,1/9/2026,2,233771,good
ST-4-014,4,1959,2825,4-014,extinguisher,Powder,9400,63 | 52953,1/9/2025,1/9/2026,2,233772,good
ST-4-015,4,1365,3700,4-015-2,extinguisher,Water,14000,78 | 000501,1/9/2025,1/9/2026,1,233787,good
ST-4-015,4,1365,3700,4-015-1,extinguisher,Powder,9350,79 | 250452,1/9/2025,1/9/2026,2,233788,good
ST-4-016,4,1454,3738,4-016-2,extinguisher,Water,14000,76 | 000549,1/9/2025,1/9/2026,1,233785,good
ST-4-016,4,1454,3738,4-016-1,extinguisher,Powder,9200,77 | 249382,1/9/2025,1/9/2026,2,233786,good
ST-4-017,4,1471,3911,4-017-1,extinguisher,Powder,9250,74 | 249950,1/9/2025,1/9/2026,2,233783,good
ST-4-017,4,1471,3911,4-017-2,extinguisher,Water,14000,75 | 000533,1/9/2025,1/9/2026,1,233784,good
ST-4-050,4,2624,3445,4-050-12,extinguisher,CO2,13400,42 | TORNADO,1/8/2025,1/8/2026,5,233633,good
ST-4-050,4,2624,3445,4-050-7,extinguisher,CO2,13600,44 | TORNADO,1/8/2025,1/8/2026,5,233635,good
ST-4-050,4,2624,3445,4-050-1,extinguisher,Powder,9350,45 | 18835,1/8/2025,1/8/2026,2,233636,good
ST-4-050,4,2624,3445,4-050-11,extinguisher,CO2,13500,46 | TORNADO,1/8/2025,1/8/2026,5,233637,good
ST-4-050,4,2624,3445,4-050-10,extinguisher,CO2,13400,47 | TORNADO,1/8/2025,1/8/2026,5,233638,good
ST-4-050,4,2624,3445,4-050-9,extinguisher,CO2,13300,48 | TORNADO,1/8/2025,1/8/2026,5,233639,good
ST-4-050,4,2624,3445,4-050-8,extinguisher,CO2,13400,49 | TORNADO,1/8/2025,1/8/2026,5,233640,good
ST-4-050,4,2624,3445,4-050-4,extinguisher,CO2,13400,50 | TORNADO,1/8/2025,1/8/2026,5,233641,good
ST-4-050,4,2624,3445,4-050-3,extinguisher,CO2,13.4,52 | TORNADO,1/9/2025,1/9/2026,5,233761,good
ST-4-050,4,2624,3445,4-050-2,extinguisher,CO2,13300,53 | TORNADO,1/9/2025,1/9/2026,5,233762,good
ST-4-050,4,2624,3445,4-050-6,extinguisher,CO2,13300,54 | TORNADO,1/9/2025,1/9/2026,5,233763,good
ST-4-050,4,2624,3445,4-050-5,extinguisher,CO2,13300,55 | TORNADO,1/9/2025,1/9/2026,5,233764,good
ST-4-M11,4,2143,3441,4-M11,hose,Water,30 m,,1/30/2025,1/30/2026,1,-,good
ST-5-001,5,1562,2819,5-001-1,extinguisher,Powder,9.3,1 | 18042,1/8/2025,1/14/2026,2,233592,good
ST-5-001,5,1562,2819,5-001-2,extinguisher,,,,,,,233593,good
ST-5-002,5,1570,2657,5-002-3,extinguisher,Powder,9350,26 | 12403,1/8/2025,1/8/2026,2,233617,good
ST-5-002,5,1570,2657,5-002-2,extinguisher,Water,13600,27 | 630,1/8/2025,1/8/2026,1,233618,good
ST-5-002,5,1570,2657,5-002-1,extinguisher,Powder,9400,28 | 12987,1/8/2025,1/8/2026,2,233619,good
ST-5-003,5,1352,2827,5-003-1,extinguisher,Powder,9350,24 | 16095,1/8/2025,1/8/2026,2,233615,good
ST-5-003,5,1352,2827,5-003-2,extinguisher,Powder,9250,25 | 12422,1/8/2025,1/8/2026,2,233616,good
ST-5-003,5,1352,2827,5-M3,hose,Water,30 m,,1/30/2025,1/30/2026,1,-,good
ST-5-004,5,1551,3127,5-004,extinguisher,CO2,14000,3 | 187000,1/8/2025,1/14/2026,5,233594,good
ST-5-005,5,1568,3257,5-005-2,extinguisher,Water,13300,4 | 295,1/8/2025,1/8/2026,1,233595,good
ST-5-005,5,1568,3257,5-005-1,extinguisher,Powder,9300,5 | 12809,1/8/2025,1/8/2026,2,233596,good
ST-5-005,5,1568,3257,5-M5,hose,Water,30 m,,1/30/2025,1/30/2026,1,-,good
ST-5-006,5,655,3363,5-006-1,extinguisher,Powder,9350,8 | 12202,1/8/2025,1/8/2026,2,233599,good
ST-5-006,5,655,3363,5-006-2,extinguisher,Water,13300,9 | 315,1/8/2025,1/8/2026,1,233600,good
ST-5-006,5,655,3363,5-006-3,extinguisher,Powder,9300,10 | 14114,1/8/2025,1/8/2026,2,233601,good
ST-5-006,5,655,3363,5-M6,hose,Water,30 m,,1/30/2025,1/30/2026,1,-,good
ST-5-007,5,363,3356,5-007-1,extinguisher,Powder,9350,11 | 49134,1/8/2025,1/8/2026,2,233602,good
ST-5-007,5,363,3356,5-007-2,extinguisher,Water,13100,43 | 00298,1/8/2025,1/8/2026,1,233634,good
ST-5-007,5,363,3356,5-M7,hose,Water,30 m,,1/30/2025,1/30/2026,1,-,good
ST-5-008,5,670,2823,5-008-2,extinguisher,Water,13600,22 | 200,1/8/2025,1/8/2026,1,233613,good
ST-5-008,5,670,2823,5-008-1,extinguisher,Powder,9250,23 | 15259,1/8/2025,1/8/2026,2,233614,good
ST-5-008,5,670,2823,5-M8,hose,Water,30 m,,1/30/2025,1/30/2026,1,-,good
ST-5-009,5,448,2162,5-009-1,extinguisher,,,,1/17/2023,1/17/2024,,213929,good
ST-5-009,5,448,2162,5-009-4,extinguisher,,,,,,,230746,good
ST-5-009,5,448,2162,5-009-3,extinguisher,Powder,9350,12 | 19239,1/8/2025,1/8/2026,2,233603,good
ST-5-009,5,448,2162,5-009-2,extinguisher,Water,13000,13 | 471,1/8/2025,1/8/2026,1,233604,good
ST-5-009,5,448,2162,5-M9,extinguisher,,,,,,,-,good
ST-5-010,5,1467,2167,5-010-1,extinguisher,Powder,9400,18 | 16303,1/8/2025,1/8/2026,2,233609,good
ST-5-010,5,1467,2167,5-010-2,extinguisher,Water,13100,19 | 00464,1/8/2025,1/8/2026,1,233610,good
ST-5-010,5,1467,2167,5-010-3,extinguisher,Powder,9250,20 | 16424,1/8/2025,1/8/2026,2,233611,good
ST-5-010,5,1467,2167,5-M10,hose,Water,30 m,,1/30/2025,1/30/2026,1,-,good
ST-5-011,5,1113,2169,5-011-1,extinguisher,Powder,9200,15 | 19563,1/8/2025,1/8/2026,2,233606,good
ST-5-011,5,1113,2169,5-011-2,extinguisher,Powder,9100,16 | 13975,1/8/2025,1/8/2026,2,233607,good
ST-5-011,5,1113,2169,5-M11,extinguisher,,,,1/30/2025,1/30/2026,,,good
ST-1-033,1,6595,3391,1-033-3,extinguisher,Powder,"17,500",167 | 04512,1/10/2025,1/10/2026,2,233916,good
ST-1-023,1,5850,3315,1-023-1,extinguisher,Powder,"9,400",184 | 01238,1/13/2025,1/13/2026,2,233955,good
ST-1-023,1,5850,3315,1-023-1,extinguisher,CO2,"14,100",183 | 8760,1/13/2025,1/13/2026,5,233954,good
ST-1-023,1,5850,3315,1-M23,hose,30 m,,,9/30/2024,9/30/2025,1,-,good
